"","island","cover_type","Kfs","notes","sheet","source"
"1","Hawaii","forests",365.1711195,"Medium","cb8295e6-5ee7-42d4-90f8-c4b170bbc598","Fortini_2017"
"2","Hawaii","forests",33.88604308,"Medium","aa11ae98-6ab3-4bf7-bed2-8e00787a9165","Fortini_2017"
"3","Hawaii","forests",0.585591516,"Medium","f40a584b-6292-4045-9ad5-a25af39841d7","Fortini_2017"
"4","Hawaii","forests",214.8447328,"Medium","6fece9ff-4d02-4d56-a54b-ce0dc9fdbd06","Fortini_2017"
"5","Hawaii","forests",7.337386242,"Medium","f76a0c8c-d0a1-479a-8dca-a1f2ac75232e","Fortini_2017"
"6","Hawaii","forests",267.3897632,"Medium","1fdaa83d-499e-4d9f-acf1-10e999781d13","Fortini_2017"
"7","Hawaii","forests",1.949964249,"Medium","afd063e7-48b4-4954-91c4-4f4dd8c04bd8","Fortini_2017"
"8","Hawaii","forests",322.2408554,"Medium","838a28ff-4c0a-4ad1-a9bf-8d5658c5cc95","Fortini_2017"
"9","Hawaii","forests",33.25195756,"Medium","c014b2a7-251c-4669-a8fa-7a87a7a7112a","Fortini_2017"
"10","Hawaii","forests",282.2550662,"Medium","4d4039ea-2d2a-4983-8bee-0194b2a2868b","Fortini_2017"
"11","Hawaii","forests",0,"Medium","2c0ec7fa-bbce-4d04-a8cf-cde717c61ad2","Fortini_2017"
"12","Hawaii","forests",1033.451356,"Medium","da75bca0-b460-43f1-bacc-068c83cbabb9","Fortini_2017"
"13","Hawaii","forests",3.48221787,"Medium","78126436-0f2b-4c86-aea7-d0375f9a9a58","Fortini_2017"
"14","Hawaii","forests",58.68173788,"Medium","879e5f60-34b8-4b5e-898d-3d74c818c57c","Fortini_2017"
"15","Hawaii","forests",9.806565615,"Medium","511982d6-9d68-40d8-b02c-432dd0ba7c99","Fortini_2017"
"16","Hawaii","forests",298.603709,"Medium","83993103-f89c-4b56-aed3-7ca5170f67d2","Fortini_2017"
"17","Hawaii","forests",21.62134884,"Medium","2a89af80-a8ab-404d-8440-2ea093dd40cb","Fortini_2017"
"18","Hawaii","forests",101.3314752,"Medium","8a0a54b5-2a94-483c-8bfa-877ac355159d","Fortini_2017"
"19","Hawaii","forests",1555.539913,"Medium","1acc2674-9875-401c-9f4f-e0bd498a1a60","Fortini_2017"
"20","Hawaii","forests",180.4978167,"Medium","024d0da0-0756-4332-bde0-aaa3d97d5b53","Fortini_2017"
"21","Hawaii","forests",222.2807676,"Medium","f95e35b4-08be-4fd8-b3ec-d4948f0cf30d","Fortini_2017"
"22","Hawaii","forests",3032.943216,"Medium","6f033287-8d88-40a0-ab88-a95e24495fc2","Fortini_2017"
"23","Hawaii","forests",3.744489502,"Medium","6f39d8a3-b30c-4107-a142-bda7cff59a4e","Fortini_2017"
"24","Hawaii","forests",13.83494445,"Medium","a78f670f-cbbb-4844-96c0-96a7a4832b1c","Fortini_2017"
"25","Hawaii","forests",471.3796637,"Medium","1af3849d-1135-485c-b492-8548e980754c","Fortini_2017"
"26","Hawaii","forests",1013.148208,"Medium","383c4946-bdab-4998-b110-bdf005a609f3","Fortini_2017"
"27","Hawaii","forests",1097.985943,"Medium","09001c98-df8a-49ca-af1e-777711717522","Fortini_2017"
"28","Hawaii","forests",437.6662911,"Medium","7eb74b45-05e2-4256-ae0c-0714b8e05bf9","Fortini_2017"
"29","Hawaii","forests",51.74501432,"Medium","b8d2b2db-6077-4d9b-9a2d-b9fdc00375db","Fortini_2017"
"30","Hawaii","forests",228.4366506,"Medium","6eb6138c-e0c3-4591-9058-5b0b3c83bf57","Fortini_2017"
"31","Hawaii","forests",226.8804031,"Medium","570f6cad-fd3f-4087-8b00-efc765b7444b","Fortini_2017"
"32","Hawaii","forests",367.5676966,"Medium","880f6ae7-3c2b-4b8d-abe4-8c398e6caaf7","Fortini_2017"
"33","Hawaii","forests",287.8793256,"Medium","7cdfae52-9afd-4154-ab56-244b5342a22c","Fortini_2017"
"34","Hawaii","forests",293.2704917,"Medium","ad8a5e72-5d38-4e0f-9f4b-e81ac5cad79c","Fortini_2017"
"35","Hawaii","forests",23.56648084,"Medium","f7057c44-6284-4ab0-83e3-76e0c7c2ce70","Fortini_2017"
"36","Hawaii","forests",12.85120039,"Medium","ecb297fc-bc4e-4457-ac83-17e1f8e455dc","Fortini_2017"
"37","Hawaii","forests",178.2292804,"Medium","481c4ae9-6cde-4217-8aa3-280e334fdd1f","Fortini_2017"
"38","Hawaii","forests",809.6941598,"Medium","dd40f78a-5ec0-44a4-aed0-66d69431ae6e","Fortini_2017"
"39","Hawaii","forests",1067.272468,"Medium","cd2700be-d655-4c32-bb63-9d25ab492629","Fortini_2017"
"40","Hawaii","forests",1794.784587,"Medium","7f99ea8a-cfbd-4623-9080-87253150dd33","Fortini_2017"
"41","Hawaii","forests",80.25218762,"Medium","e514d292-d4ad-40d3-82ef-475a1da6a0e8","Fortini_2017"
"42","Hawaii","forests",158.8927589,"Medium","266a85d8-fdf7-46a5-8e9a-9ec11bdb1e99","Fortini_2017"
"43","Hawaii","forests",876.7638725,"Medium","7312ddf3-812b-4b18-8cca-954b9b56741a","Fortini_2017"
"44","Hawaii","forests",4848.530331,"Medium","f8c3a292-bc77-402c-bf3e-f901cdf8f7b2","Fortini_2017"
"45","Hawaii","forests",2712.844485,"Medium","76dff788-e655-4e71-9986-290ec810b4f3","Fortini_2017"
"46","Hawaii","forests",0.675691196,"Medium","33e76806-c308-47c4-a300-c277bc9a2d2b","Fortini_2017"
"47","Hawaii","forests",95.72054475,"Medium","d51eac36-22dd-4fe6-a6e4-321038a9ec7f","Fortini_2017"
"48","Hawaii","forests",41.02022252,"Medium","3a86989c-06c2-4d6b-8a59-d2183d519fde","Fortini_2017"
"49","Hawaii","forests",647.0335633,"Medium","556be1ed-cd3d-463e-8edc-56e278bcbfd2","Fortini_2017"
"50","Hawaii","forests",220.3362359,"Medium","5f7746d8-a17b-4b8c-8447-ebc67667414e","Fortini_2017"
"51","Hawaii","forests",22.36167584,"Medium","ab3df5c7-2caa-4494-b37b-d80755ad40e1","Fortini_2017"
"52","Hawaii","forests",0.928872729,"Medium","952588f6-0a0b-42f3-823f-0b769636500f","Fortini_2017"
"53","Hawaii","forests",0.580835062,"Medium","59fb5a80-e5f5-400c-9944-5034e241d845","Fortini_2017"
"54","Hawaii","forests",3.504995004,"Medium","4ec78d00-88c1-48a1-a73d-cdcf4727851f","Fortini_2017"
"55","Hawaii","forests",1.021496183,"Medium","8f47b73b-15c1-4e7e-be1f-dcd55a7d9e32","Fortini_2017"
"56","Hawaii","forests",2.408159623,"Medium","cfcea53f-4250-4afc-9a98-1871835ba20d","Fortini_2017"
"57","Hawaii","forests",46.05254236,"Medium","a9d19570-b663-4d3a-8439-05751378cfac","Fortini_2017"
"58","Hawaii","forests",594.8271742,"Medium","9a6f7bc3-d18d-49d1-822c-5ab81adf7417","Fortini_2017"
"59","Hawaii","forests",65.03156593,"Medium","4bde3e6a-3107-46e5-b406-494df39a6d46","Fortini_2017"
"60","Hawaii","forests",23.53632375,"Medium","dd888e72-c6bf-4e0d-8688-66dd97c99e1c","Fortini_2017"
"61","Hawaii","forests",0.776452083,"Medium","6f56a705-a173-4ffb-96e0-46c6a8c68ae2","Fortini_2017"
"62","Hawaii","forests",2648.072718,"Medium","dec3c982-7b33-439b-85d3-3723a275e984","Fortini_2017"
"63","Hawaii","forests",41.91858818,"Medium","7915605d-b213-4462-bed5-b11c2a081458","Fortini_2017"
"64","Hawaii","forests",6.500745587,"Medium","4363c3e8-c360-4c92-8186-40e54d5bc604","Fortini_2017"
"65","Hawaii","forests",1.508993945,"Medium","17761ffe-b3e2-471f-94e3-04e590322943","Fortini_2017"
"66","Hawaii","forests",166.3552385,"Medium","ba8dde76-099e-4390-a67d-2166a15fb236","Fortini_2017"
"67","Hawaii","forests",0.293717669,"Medium","fbad67a3-225e-4993-83ae-d2805d80df72","Fortini_2017"
"68","Hawaii","forests",0.462662899,"Medium","e6bc4d4f-455c-44af-8b47-45ec5f78d803","Fortini_2017"
"69","Kauai","forests",224.1301439,"Old","88e018dc-9ba1-4913-a869-53f775d961ba","Fortini_2017"
"70","Kauai","forests",0.217588706,"Old","82130b4d-4962-47e2-96d3-2669bf2d7d28","Fortini_2017"
"71","Kauai","forests",59.02261387,"Old","49e45b9d-62ea-46ca-aae2-ef5b51a06f01","Fortini_2017"
"72","Kauai","forests",9.249488719,"Old","21f3823b-fdc0-470f-a2de-058f2571c91c","Fortini_2017"
"73","Kauai","forests",335.3124741,"Old","4846b681-6811-4a4e-bd32-9d769d5ef545","Fortini_2017"
"74","Kauai","forests",169.0022618,"Old","f87728d1-922f-455a-a789-82ca0f747315","Fortini_2017"
"75","Kauai","forests",199.3695278,"Old","ed8f8988-1b65-41be-b522-fd3d3e18b88a","Fortini_2017"
"76","Kauai","forests",582.6846228,"Old","ee220a60-11f6-4e09-bf47-b1303793339a","Fortini_2017"
"77","Kauai","forests",258.9444275,"Old","efb7d436-8be1-4a70-a909-7d6fb7f95e7f","Fortini_2017"
"78","Kauai","forests",7.767524772,"Old","f2adc96d-93cb-4893-8279-b14fbf9f1217","Fortini_2017"
"79","Kauai","forests",1245.929154,"Old","2fa2f5da-c0b2-4200-ae31-e504437388b7","Fortini_2017"
"80","Kauai","forests",175.6457902,"Old","8f5f0569-368a-4c66-a762-09da33abc54c","Fortini_2017"
"81","Kauai","forests",95.64879106,"Old","0e49b523-9501-4753-b3bf-e0dd39420392","Fortini_2017"
"82","Kauai","forests",166.015146,"Old","f1e23fd8-0576-432f-9cdc-c24c8b846dab","Fortini_2017"
"83","Kauai","forests",38.86725364,"Old","f71ea8ca-bb2d-4caf-a7d0-388e9f557510","Fortini_2017"
"84","Kauai","forests",510.5828191,"Old","e8766e0c-3215-48ff-ae5a-d45887452fe9","Fortini_2017"
"85","Kauai","forests",336.6433536,"Old","0abdea6b-d477-416c-bd38-37b4cf641fad","Fortini_2017"
"86","Kauai","forests",805.6879584,"Old","9cb7de7a-2fde-4542-8440-295a35bd03a5","Fortini_2017"
"87","Kauai","forests",450.137292,"Old","649fd587-b288-49d7-938e-6d7fcab21e45","Fortini_2017"
"88","Kauai","forests",1776.695154,"Old","7e40df64-b9fe-4b84-b3f5-f6615d8fe487","Fortini_2017"
"89","Kauai","forests",1202.245698,"Old","079af50b-503c-46bb-b2d0-5f1ffc625f90","Fortini_2017"
"90","Kauai","forests",774.9697432,"Old","fa2b0960-a3e4-4bf1-867a-9fe061ab6bdb","Fortini_2017"
"91","Kauai","forests",280.9193655,"Old","db7fbedd-4864-4ce9-b82c-4d3bb9a81b9b","Fortini_2017"
"92","Kauai","forests",451.3100736,"Old","1c4e91be-20ae-4065-83f4-e7dab14959ef","Fortini_2017"
"93","Kauai","forests",438.0821,"Old","0dbeaee9-cfe9-42b1-ae6e-6a1b6c390f72","Fortini_2017"
"94","Kauai","forests",483.5169739,"Old","607aec93-8d92-4bfb-ba40-bf418ae50578","Fortini_2017"
"95","Kauai","forests",309.9293142,"Old","ba3cede2-73cc-4048-a0b3-ade71e53650f","Fortini_2017"
"96","Kauai","forests",788.9582061,"Old","377a7ea1-121e-49c4-82b5-17a086417e1d","Fortini_2017"
"97","Kauai","forests",1641.555446,"Old","dcca5a0e-9d3a-4ce8-9218-f8e13eca086d","Fortini_2017"
"98","Kauai","forests",1518.300616,"Old","da7f69fa-aa5b-46c6-b116-b62c8d3a142b","Fortini_2017"
"99","Kauai","forests",580.0446189,"Old","a63db555-3b4d-4c37-805b-e5ca90a94a22","Fortini_2017"
"100","Kauai","forests",445.7284705,"Old","329e2a86-73e5-4718-a6ef-b74a9e3a9ba0","Fortini_2017"
"101","Kauai","forests",827.005182,"Old","dd02f59b-469f-4250-83b1-e40054b49ae1","Fortini_2017"
"102","Kauai","forests",989.0178619,"Old","7337dccf-4172-4c4c-9046-1cf0010b9542","Fortini_2017"
"103","Kauai","forests",332.4880779,"Old","feff3cd5-3fc7-4469-9fbe-27b5ac805dd6","Fortini_2017"
"104","Kauai","forests",1025.196621,"Old","87298556-2bcb-4ef7-8404-d794af80ba06","Fortini_2017"
"105","Kauai","forests",1350.889703,"Old","8489b5e9-8434-4814-ae6c-d72827149bb5","Fortini_2017"
"106","Kauai","forests",23.95104888,"Old","5e3ac4f1-3ecd-49e6-95fa-07068e76c0bd","Fortini_2017"
"107","Kauai","forests",737.3281238,"Old","e1a02eaf-79f7-4d46-b50a-7a52419a9f90","Fortini_2017"
"108","Kauai","forests",2371.345309,"Old","e240557e-a5a7-4555-a4a2-4f456bfcba1f","Fortini_2017"
"109","Kauai","forests",5822.559365,"Old","3f25fe4c-07b4-4def-807d-6c204e083c1d","Fortini_2017"
"110","Kauai","forests",777.3257356,"Old","d42353e2-abd1-4805-a325-c142661dafdd","Fortini_2017"
"111","Kauai","forests",1321.160528,"Old","350d0bff-f101-4a8d-a3e8-4184341e7263","Fortini_2017"
"112","Kauai","forests",249.7739787,"Old","146bfb84-673e-45d2-a894-d48b3858ae2e","Fortini_2017"
"113","Kauai","forests",2906.570582,"Old","d10bdf74-2c72-4778-9e14-a30662e53329","Fortini_2017"
"114","Kauai","forests",1493.998241,"Old","3da3512d-5869-432b-b0e5-2a3b1e27790d","Fortini_2017"
"115","Kauai","forests",767.4172096,"Old","79143a97-b347-4e7d-975e-a3d228e3de86","Fortini_2017"
"116","Kauai","forests",714.5016454,"Old","a4890821-25c2-4193-8d84-4abf6063d3dc","Fortini_2017"
"117","Kauai","forests",506.5640392,"Old","caec5215-6996-4265-be03-b688b931ca01","Fortini_2017"
"118","Kauai","forests",1873.420855,"Old","74fa9a54-b388-4729-af3e-09c3a71efd11","Fortini_2017"
"119","Kauai","forests",318.5352736,"Old","7226bb7a-02a3-44e1-9015-2ca714d64133","Fortini_2017"
"120","Kauai","forests",471.6576649,"Old","d8f9efa7-4627-4ce0-85fb-eb534bebd2da","Fortini_2017"
"121","Kauai","forests",169.0432558,"Old","bb07e585-22ce-4c4a-b8f7-a9f80a381064","Fortini_2017"
"122","Kauai","forests",163.0003521,"Old","e29ab63c-f7c1-4a3b-936f-71172c17bc2e","Fortini_2017"
"123","Kauai","forests",220.8885165,"Old","72243a75-0ea5-4587-81e7-8e2041efd6cf","Fortini_2017"
"124","Kauai","forests",228.8687702,"Old","ecefcf85-72b6-4632-9784-e66b85cc6651","Fortini_2017"
"125","Kauai","forests",63.01890189,"Old","b0d4ba2b-be57-41f7-924e-d003966ca5a7","Fortini_2017"
"126","Kauai","forests",551.5691719,"Old","5f44937a-9228-406a-bc57-5fcef3295f47","Fortini_2017"
"127","Kauai","forests",401.2292076,"Old","e2141eee-3b0a-48b7-bf40-7baf8037ba25","Fortini_2017"
"128","Kauai","forests",451.5180685,"Old","683af49e-85df-48af-85a3-efadd840d0fb","Fortini_2017"
"129","Kauai","forests",116.6363681,"Old","70e51488-1712-4a31-9256-23f4f7ad26e8","Fortini_2017"
"130","Kauai","forests",188.0229521,"Old","d9f55790-5f9c-4e73-9b12-dc20174865ab","Fortini_2017"
"131","Kauai","forests",1.987215509,"Old","11cda06e-1beb-4ef4-b933-d92afd39d451","Fortini_2017"
"132","Kauai","forests",507.5022377,"Old","9ac3346c-bc19-4c05-bb44-8f704a18b61c","Fortini_2017"
"133","Kauai","forests",676.1509507,"Old","32781e3d-32a4-4146-aea7-b42fb2910370","Fortini_2017"
"134","Kauai","forests",93.85934263,"Old","4fe7782b-b495-40fb-9940-dd0bbe4be59a","Fortini_2017"
"135","Kauai","forests",284.7756925,"Old","370ae325-e0a6-4c03-8662-85b4faf73d95","Fortini_2017"
"136","Kauai","forests",159.7080087,"Old","dbd3e881-011f-4b82-92c3-0c5c46133858","Fortini_2017"
"137","Hawaii","forests",467.4325582,"Young","39759a62-8bd3-47cd-a9db-849fe0c935ee","Fortini_2017"
"138","Hawaii","forests",505.2674134,"Young","b989ffe7-f629-427f-876f-354e0c983466","Fortini_2017"
"139","Hawaii","forests",567.0455868,"Young","cec7b6b1-c346-4c3d-b0e8-316981a52666","Fortini_2017"
"140","Hawaii","forests",636.8751615,"Young","5b2cc920-9223-4055-af85-15d0ad248f56","Fortini_2017"
"141","Hawaii","forests",1203.625644,"Young","8bb9e26d-e4cd-47e4-902d-962cdd79e92d","Fortini_2017"
"142","Hawaii","forests",826.8548425,"Young","477f5c63-b7d4-43df-b8e2-dd83a8b4954c","Fortini_2017"
"143","Hawaii","forests",1532.69387,"Young","00b3106c-548c-4147-849c-0855e7c1a8ee","Fortini_2017"
"144","Hawaii","forests",426.9333805,"Young","5084b467-5a0c-4bec-86fe-9d77ff0a48fa","Fortini_2017"
"145","Hawaii","forests",639.6584348,"Young","59d2c55e-d131-4d39-8cab-85c7a3eeb647","Fortini_2017"
"146","Hawaii","forests",623.4754512,"Young","bc50ff59-c3fb-4dd9-9d2e-6d9dae6a1076","Fortini_2017"
"147","Hawaii","forests",1164.675916,"Young","c1c4324d-2797-458d-85a6-d09251465bcc","Fortini_2017"
"148","Hawaii","forests",1017.852964,"Young","903cc1e6-a3e6-4b28-ae01-77808ae3f65e","Fortini_2017"
"149","Hawaii","forests",503.5252976,"Young","b4820e7e-b826-4af5-848f-491b79cafd4e","Fortini_2017"
"150","Hawaii","forests",686.767362,"Young","6cf8516d-01e7-456f-9f5e-58776c16d2d8","Fortini_2017"
"151","Hawaii","forests",1336.041913,"Young","b9dc0532-cbf2-4fda-a713-0f114659bfee","Fortini_2017"
"152","Hawaii","forests",1230.001844,"Young","ae27b3fb-d6ce-4c5a-8889-dc6f6069dd8f","Fortini_2017"
"153","Hawaii","forests",621.4795338,"Young","0769f52b-ec78-4794-be0d-531aa08bed04","Fortini_2017"
"154","Hawaii","forests",600.8523393,"Young","fdf8fd6a-3ffc-4b89-9d4b-3d58776c6ef3","Fortini_2017"
"155","Hawaii","forests",500.2494914,"Young","70370ff8-9258-4abf-b0c7-08d6f3064abc","Fortini_2017"
"156","Hawaii","forests",334.6699803,"Young","90dfa0ae-f4f6-4eb6-a61b-dadff4938281","Fortini_2017"
"157","Hawaii","forests",1591.119898,"Young","a967cdae-c81d-48d1-8baf-a1e626d83dbd","Fortini_2017"
"158","Hawaii","forests",3419.230587,"Young","3654899c-a37a-4f57-898f-ad1c67cf4de3","Fortini_2017"
"159","Hawaii","forests",219.8899123,"Young","46e08b26-27a5-4920-8e8c-b2218efc3a63","Fortini_2017"
"160","Hawaii","forests",950.0209576,"Young","d0667171-5ea5-4bdd-818c-43a9813d4b2c","Fortini_2017"
"161","Hawaii","forests",449.7918603,"Young","b1556361-7356-457b-98af-e25313d9ca7d","Fortini_2017"
"162","Hawaii","forests",1166.139711,"Young","76c7c571-f619-4a29-a846-aff7f3b36daa","Fortini_2017"
"163","Hawaii","forests",242.120668,"Young","c6410d71-b00e-4af3-8f11-ad08cb2fe9e7","Fortini_2017"
"164","Hawaii","forests",1492.181082,"Young","34e5cb78-d4b3-4366-acba-67455cdad16b","Fortini_2017"
"165","Hawaii","forests",798.706142,"Young","b20502a5-8687-4150-a7af-804b6279e406","Fortini_2017"
"166","Hawaii","forests",1816.015768,"Young","8b61c6f4-a2f5-4559-9959-7afa62992419","Fortini_2017"
"167","Hawaii","forests",214.1678491,"Young","0c92e3a7-6fd5-428f-931c-d0490cb133da","Fortini_2017"
"168","Hawaii","forests",845.9803549,"Young","51c2c4c8-81a4-4a28-810a-480d9d7e80e4","Fortini_2017"
"169","Hawaii","forests",1321.735819,"Young","aa268f56-6ff6-4e77-ab92-1801ea5568f4","Fortini_2017"
"170","Hawaii","forests",4283.93871,"Young","ee85604b-eea9-4aa6-b5c2-146df46fa6b7","Fortini_2017"
"171","Hawaii","forests",344.9211579,"Young","189baf93-9a16-4f3e-9bad-c7b10b9b04f3","Fortini_2017"
"172","Hawaii","forests",343.159961,"Young","aa34bd5e-1bf0-472d-bb47-4bf91599154f","Fortini_2017"
"173","Hawaii","forests",630.8660029,"Young","39810ffb-930d-48d0-8641-a2faf12e23b2","Fortini_2017"
"174","Hawaii","forests",260.7622243,"Young","3197d8da-59b3-45ac-affe-47eae4999b96","Fortini_2017"
"175","Hawaii","forests",964.1888565,"Young","edf7025c-ceaa-4c86-87fd-53d4857b970b","Fortini_2017"
"176","Hawaii","forests",458.5113142,"Young","597ec57e-8d9a-4571-b2a2-8ea26b33953c","Fortini_2017"
"177","Hawaii","forests",667.4164198,"Young","3920803d-01ac-47e6-ac33-1c49bac13864","Fortini_2017"
"178","Hawaii","forests",432.9217177,"Young","e95a6297-9dfb-456b-b6d4-4c1c5ad48a80","Fortini_2017"
"179","Hawaii","forests",1616.148495,"Young","bdc31bad-e5a8-47e5-91e6-da7026d16f38","Fortini_2017"
"180","Hawaii","forests",1160.079128,"Young","1c43398b-bcd2-4118-87a5-705715901caa","Fortini_2017"
"181","Hawaii","forests",535.6971181,"Young","5daf8514-33fd-4262-9391-59faa5503cb0","Fortini_2017"
"182","Hawaii","forests",1201.430836,"Young","15dfe428-1561-4e91-9182-ce9cdd568bb1","Fortini_2017"
"183","Hawaii","forests",439.5974863,"Young","d916ec4b-f617-43a0-8583-ef91088e6845","Fortini_2017"
"184","Hawaii","forests",329.8080763,"Young","105a8785-4b54-4f9d-ada1-26c1573095cc","Fortini_2017"
"185","Hawaii","forests",575.1764589,"Young","ea3e2e86-58ad-44a9-9881-cef9f0f6b94d","Fortini_2017"
"186","Hawaii","forests",351.8451824,"Young","11bd6b03-67a4-46f6-b3e4-47517b44046a","Fortini_2017"
"187","Hawaii","forests",450.4498895,"Young","f71e15cc-1b12-44dc-9927-6fd738f82909","Fortini_2017"
"188","Hawaii","forests",172.5773563,"Young","c79ea0e3-4904-4985-9940-931c219a70d7","Fortini_2017"
"189","Hawaii","forests",8.533662306,"Young","25485912-a8b6-4092-87e6-0052faacdfb4","Fortini_2017"
"190","Hawaii","forests",409.577306,"Young","27488d19-f1cd-4ef8-9e8f-d56bc38bd51f","Fortini_2017"
"191","Hawaii","forests",283.5373533,"Young","208813ba-d873-4ee0-b528-a9f44f197c81","Fortini_2017"
"192","Hawaii","forests",649.9734038,"Young","09e01ecf-e63b-426e-a5ef-3a7029f57b97","Fortini_2017"
"193","Hawaii","forests",91.95112333,"Young","be57f4aa-d039-49bd-a281-14c1a9652c16","Fortini_2017"
"194","Hawaii","forests",31.94934333,"Young","dff8b125-afd3-4e4a-be26-0bf37196754b","Fortini_2017"
"195","Hawaii","forests",438.7048585,"Young","2a5b35db-ac42-4db4-8071-1987fd13629d","Fortini_2017"
"196","Hawaii","forests",156.4905813,"Young","20b7065f-fb9f-4d94-a829-621be500460a","Fortini_2017"
"197","Hawaii","forests",206.7860438,"Young","61831603-8df7-45c1-98cf-99da5ac4dcad","Fortini_2017"
"198","Hawaii","forests",151.8545005,"Young","a44a7307-29f7-4652-be7c-cce1ca5a1bc9","Fortini_2017"
"199","Hawaii","forests",333.5230575,"Young","35dcf0ef-a599-4154-80a5-676e7f5202d7","Fortini_2017"
"200","Hawaii","forests",135.1767664,"Young","cb91889e-7834-4dc2-9df8-a72359443aa3","Fortini_2017"
"201","Hawaii","forests",229.8937455,"Young","54130dbd-abc4-46e0-a2da-811a755a1b6e","Fortini_2017"
"202","Hawaii","forests",62.19917526,"Young","0657fabd-23ef-4bfe-a38f-8fdb3cfc3a77","Fortini_2017"
"203","Hawaii","forests",160.03811,"Young","afc4c14c-bfb3-4840-921f-7caf6df0b29e","Fortini_2017"
"204","Hawaii","forests",286.2315731,"Young","b57141e5-388b-4cc4-86d4-16aacbbcfb37","Fortini_2017"
"205","Hawaii","forests",111.0857913,"Young","e9a639ef-70a5-45ad-8021-65b0f4be83ea","Fortini_2017"
"206","Hawaii","forests",178.3160215,"Young","eec8a4b2-35bb-4472-af57-cca544e7d7f3","Fortini_2017"
"207","Hawaii","forests",234.13737,"Young","6fa70115-fff0-419b-a391-3ace13094373","Fortini_2017"
"208","Hawaii","forests",528.0069756,"Young","89a43904-c410-4bf6-8d81-62b657b84746","Fortini_2017"
"209","Hawaii","forests",66.76252243,"Young","d9e1dbfb-11f8-4d4f-973e-98abedc07242","Fortini_2017"
"210","Hawaii","forests",552.8986333,"Young","f2e8d58d-0411-453f-a3fd-d0f56d04516b","Fortini_2017"
"211","Hawaii","forests",131.8135684,"Young","8b915a43-a143-4c64-9de1-a453e042db13","Fortini_2017"
"212","Hawaii","forests",232.330195,"Young","9fa328a7-34ac-458f-b72f-79f451e00cf5","Fortini_2017"
"213","Hawaii","forests",683.6048057,"Young","97a12d1e-519d-47c5-8708-f473e3e39e83","Fortini_2017"
"214","Hawaii","forests",262.6843285,"Young","7e1dd1c1-5c74-439b-a6c7-5b378034197d","Fortini_2017"
"215","Hawaii","forests",321.7637619,"Young","a6d9e2a0-a18e-48b3-b43d-3939c062b2f4","Fortini_2017"
"216","Hawaii","forests",198.586858,"Young","bf054ecb-a068-4e63-95c3-d7fdb22af58c","Fortini_2017"
"217","Hawaii","forests",487.0540778,"Young","0e08365c-9d0a-43cc-b04a-9cffb5b900fa","Fortini_2017"
"218","Hawaii","forests",165.188703,"Young","1e0988ff-b885-4568-a216-d5994378e526","Fortini_2017"
"219","Hawaii","forests",7.641900775,"Young","1a23550e-5735-4f2e-84ee-21170c67c726","Fortini_2017"
"220","Hawaii","forests",711.7600829,"Young","e62ea313-621d-4c96-8056-31bc98dbe4b8","Fortini_2017"
"221","Hawaii","forests",287.642776,"Young","5a6c180a-839c-49dc-a625-f7c38ae7fc43","Fortini_2017"
"222","Hawaii","forests",43.49862939,"Medium","17d6a407-3438-468f-81ce-db004f7e9dff","Fortini_2017"
"223","Hawaii","forests",2410.384314,"Medium","97feeb8e-a59d-4a8e-886e-1bd03415fd98","Fortini_2017"
"224","Hawaii","forests",112.9634046,"Medium","0c7c627d-6ae5-4a97-b1b5-ed524888a852","Fortini_2017"
"225","Hawaii","forests",156.5685886,"Medium","a4da7a91-1134-4dcb-b391-9acd48a3bc86","Fortini_2017"
"226","Hawaii","forests",220.3985529,"Medium","4f5dac71-c9e7-4676-a5b1-dea7aa9f3b35","Fortini_2017"
"227","Hawaii","forests",763.3262541,"Medium","29c49f94-0900-4864-b1bd-000f99842526","Fortini_2017"
"228","Hawaii","forests",38.4329103,"Medium","88669d53-bae4-4ed1-b91e-33c4a24a1dc5","Fortini_2017"
"229","Hawaii","forests",207.3160821,"Medium","d2c1e35e-6f32-4f97-ac19-4b8fccd12505","Fortini_2017"
"230","Hawaii","forests",19.3096425,"Medium","1fe240b1-7459-4132-ba9f-5cceaa9fe2f9","Fortini_2017"
"231","Hawaii","forests",181.5247205,"Medium","f57189c0-a088-4fcd-9ee0-3f738c50bdba","Fortini_2017"
"232","Hawaii","forests",91.23103038,"Medium","97bd022c-be9d-4d92-87d9-b8cea034c361","Fortini_2017"
"233","Hawaii","forests",2399.794831,"Medium","2151f437-e0d1-43f3-9d8b-95de36839acd","Fortini_2017"
"234","Hawaii","forests",291.0376722,"Medium","36510eb3-27fa-4aa1-b122-d1e782424651","Fortini_2017"
"235","Hawaii","forests",452.7677441,"Medium","19f7a3f3-4570-4df7-bdbd-2627cb2644cc","Fortini_2017"
"236","Hawaii","forests",106.4627323,"Medium","1439cbad-b69d-4f26-939e-0fa1fbe3a62b","Fortini_2017"
"237","Hawaii","forests",267.4820119,"Medium","74db9d2f-f36c-4de1-a5f8-863246ebe6f0","Fortini_2017"
"238","Hawaii","forests",2664.387841,"Medium","95b95b3b-1124-4ed8-8c8d-c23484df18b5","Fortini_2017"
"239","Hawaii","forests",203.1164663,"Young","99963589-bfff-4b84-91d8-383803ccb22b","Fortini_2017"
"240","Hawaii","forests",1.187571742,"Young","62152248-7828-41f6-a2df-4c7a80e56bcd","Fortini_2017"
"241","Hawaii","forests",23.52669298,"Young","88d28f1b-2cb4-4b60-afc4-5047f9047a77","Fortini_2017"
"242","Hawaii","forests",44.44793121,"Young","c39403e1-8e4f-43d2-a498-f062d066ca7c","Fortini_2017"
"243","Hawaii","forests",141.0065405,"Young","d02f9cd8-af23-4a2b-a29e-fee67bf5ebe8","Fortini_2017"
"244","Hawaii","forests",0.163034821,"Young","35243b0f-da8c-49c6-a601-a6eb4382ac27","Fortini_2017"
"245","Hawaii","forests",212.1702029,"Young","85ceea18-41b9-4267-bccc-48ae261dc0c9","Fortini_2017"
"246","Hawaii","forests",0,"Young","091108fe-1992-402f-bc95-5b8167f68c63","Fortini_2017"
"247","Hawaii","forests",568.9260127,"Young","0ab1bd68-475a-49bf-9eb6-378156ca11f2","Fortini_2017"
"248","Hawaii","forests",2.049773396,"Young","c0944b6b-92b1-496e-91c3-f831206071e0","Fortini_2017"
"249","Hawaii","forests",0.76235021,"Young","ee83fdb8-ea11-4b60-9370-faeb526fbec5","Fortini_2017"
"250","Hawaii","forests",141.7109671,"Young","77c0ddba-7e11-4726-a385-786ca956f7d0","Fortini_2017"
"251","Hawaii","forests",2.049538522,"Young","1f0e33a3-1fd9-4e59-bc04-7bb80be1cbf9","Fortini_2017"
"252","Hawaii","forests",82.19206579,"Young","bec3c51b-eee9-4365-85d7-97c2afe77237","Fortini_2017"
"253","Hawaii","forests",405.1422459,"Young","148cb985-21a1-4ebb-8ab1-f19ba29a1610","Fortini_2017"
"254","Hawaii","forests",99.05137331,"Young","acd0a6e4-94a9-4171-b06d-b2b4ca9b8afd","Fortini_2017"
"255","Hawaii","forests",448.9386234,"Young","2e5b32b8-60e2-45eb-b98a-11fd81ed2bf6","Fortini_2017"
"256","Hawaii","forests",678.2163748,"Young","1aea8392-5a62-4191-a1d2-89ef26e01fad","Fortini_2017"
"257","Hawaii","forests",0.287408224,"Young","65981170-4039-490c-8536-f02817662d74","Fortini_2017"
"258","Hawaii","forests",354.7337057,"Young","2d8e8222-b693-441e-9a76-ac5269241b3a","Fortini_2017"
"259","Hawaii","forests",1.872273732,"Young","1ad33106-6f5d-4392-a2e3-3355ea8a5bec","Fortini_2017"
"260","Hawaii","forests",254.5625378,"Young","ef832c12-84ca-42a9-a445-47ac9127977e","Fortini_2017"
"261","Hawaii","forests",254.2477119,"Young","9f307cb8-8cb7-4c80-be31-11909e81ee1d","Fortini_2017"
"262","Hawaii","forests",6004.225851,"Young","e6c597d5-be60-44eb-ba4b-39b37affffa0","Fortini_2017"
"263","Hawaii","forests",0.748406598,"Young","9cb3a8b5-cadf-44e9-99da-75cc7a02352a","Fortini_2017"
"264","Hawaii","forests",0.126781235,"Young","7e1ee0d3-dc81-4c79-bd0c-b9ce7ec070bf","Fortini_2017"
"265","Hawaii","forests",66.67118805,"Young","daade129-3a95-4aa5-8460-4bc9521d9b3e","Fortini_2017"
"266","Hawaii","forests",0.65622548,"Young","9c5a43d7-d5a3-4cff-a185-d9dbb7b9b36d","Fortini_2017"
"267","Hawaii","forests",101.9666309,"Young","c4e4479d-4f13-4e80-a58e-7dd1af5cb36f","Fortini_2017"
"268","Hawaii","forests",1.280039235,"Young","bf0db5ab-3721-427d-8abf-36728044083e","Fortini_2017"
"269","Hawaii","forests",44.81063259,"Young","b4613834-7e85-4e66-8582-24a82e7d8aa1","Fortini_2017"
"270","Hawaii","forests",145.4126617,"Young","d23233d6-d76c-46a6-8922-2a3f7188554a","Fortini_2017"
"271","Hawaii","forests",26.08329622,"Young","d37f6a37-a4c6-4c54-a08e-2307ee0d9e25","Fortini_2017"
"272","Hawaii","forests",81.75881829,"Young","b274e1c8-e2ab-4962-ba11-8038802ad3d8","Fortini_2017"
"273","Hawaii","forests",120.3233036,"Young","0b1be0a8-7244-46c0-a121-7e0240c9c0d5","Fortini_2017"
"274","Hawaii","forests",2.28156125,"Young","7fbf9389-9ea4-4b1a-aedb-38f67d0cdc0f","Fortini_2017"
"275","Hawaii","forests",7.323471844,"Young","7c088439-7736-464b-9dee-8c37a1e78332","Fortini_2017"
"276","Hawaii","forests",0.704116572,"Young","6e1c78c3-94f1-497f-9b3b-b617ca041dfb","Fortini_2017"
"277","Hawaii","forests",166.5305236,"Young","75d4c159-3a35-4760-8b27-338a5d461797","Fortini_2017"
"278","Hawaii","forests",10.18131638,"Young","74565082-6219-4989-945e-a18a7bd7d370","Fortini_2017"
"279","Hawaii","forests",0.64139886,"Young","caf9a781-eaa8-4508-95cc-2a5ecca8a6c4","Fortini_2017"
"280","Hawaii","forests",69.09614309,"Young","8dc4dd0f-d1fd-40ca-bafb-db5e38a5d284","Fortini_2017"
"281","Hawaii","forests",146.4097008,"Young","d853cbcb-6f2d-41da-86fe-e853fee93735","Fortini_2017"
"282","Hawaii","forests",369.9981063,"Young","d6419d55-a61d-400a-b9d4-7769f3a2112a","Fortini_2017"
"283","Hawaii","forests",5.991670004,"Young","0e240538-d2b9-4c01-93be-ba6827fa86e0","Fortini_2017"
"284","Hawaii","forests",0.467759046,"Young","73de7e3a-7897-4ba8-bfce-5b610964ebcd","Fortini_2017"
"285","Hawaii","forests",1471.427954,"Young","12c57946-01e4-42ec-98a4-5aee898d7339","Fortini_2017"
"286","Hawaii","forests",6.609883234,"Young","5e990af9-874f-49b6-afbe-0bf4613cc840","Fortini_2017"
"287","Hawaii","forests",129.3639584,"Young","a24a063f-f16b-4800-b52d-1b89dfd4b8db","Fortini_2017"
"288","Hawaii","forests",71.9760307,"Young","b5902396-8e27-4aa8-ae4d-a8e895b50f95","Fortini_2017"
"289","Hawaii","forests",939.1488111,"Young","e417fa28-d578-4676-99c6-7e1200d3be64","Fortini_2017"
"290","Hawaii","forests",329.3613829,"Medium","5de90379-e949-49e3-b86e-9c39c2a00375","Fortini_2017"
"291","Hawaii","forests",3384.554516,"Medium","9dd2ffdd-3c4d-4151-af69-48e8ac12221b","Fortini_2017"
"292","Hawaii","forests",172.9387834,"Medium","2d28dfa8-c560-4c9d-8aad-2e2a5b1ec7de","Fortini_2017"
"293","Hawaii","forests",24.13161149,"Medium","e968136f-87e2-41eb-8230-560273ad372c","Fortini_2017"
"294","Hawaii","forests",45.6759206,"Medium","71c1e640-a67b-469a-8cb5-0089274a7759","Fortini_2017"
"295","Hawaii","forests",150.6834731,"Medium","9b9da0fc-6716-444e-9b40-7da3b633999d","Fortini_2017"
"296","Hawaii","forests",20.88372607,"Medium","dde95f36-11a3-41d0-bf8e-1b1b7fb93828","Fortini_2017"
"297","Hawaii","forests",60.78836192,"Medium","cf04c1c2-4135-44b5-ad52-bddc9a300139","Fortini_2017"
"298","Hawaii","forests",332.3939609,"Medium","c4e3a3f7-db55-42fc-8a5f-38c728e4ddf4","Fortini_2017"
"299","Hawaii","forests",12506.45524,"Medium","80d211c6-adba-431f-ba08-177d9870bbac","Fortini_2017"
"300","Hawaii","forests",638.0605289,"Medium","dc42d88f-5244-44c7-8803-463f50e246ab","Fortini_2017"
"301","Hawaii","forests",135.0824298,"Medium","2eeb7870-34f3-4d02-8f56-35ec69695b6c","Fortini_2017"
"302","Hawaii","forests",34.75252834,"Medium","e205a1ba-f01c-4c28-98ee-e448c39e38b8","Fortini_2017"
"303","Hawaii","forests",624.9511748,"Medium","91ef1e6d-36b8-4b42-baaa-d8d46e657555","Fortini_2017"
"304","Hawaii","forests",251.6421352,"Medium","b56528c1-99aa-473c-a95e-6ccfc09fe8c2","Fortini_2017"
"305","Hawaii","forests",216.1570297,"Medium","25003bba-662e-42f7-9ed8-c4a139312a11","Fortini_2017"
"306","Hawaii","forests",251.0535554,"Medium","b6cd58cb-88b5-4fa8-83fc-a9d69ffad4dd","Fortini_2017"
"307","Hawaii","forests",1.891077111,"Young","e3d554c2-8d13-4bb5-8569-50232d5e107c","Fortini_2017"
"308","Hawaii","forests",48.34545171,"Young","00315b90-2b43-4642-a732-ceb6bba2d387","Fortini_2017"
"309","Hawaii","forests",244.9403846,"Young","02ddae95-cf2b-4fed-86f9-470cfb86722a","Fortini_2017"
"310","Hawaii","forests",48.28414559,"Young","4d4e1dac-f8c1-4ed0-8ab3-f892702a70d6","Fortini_2017"
"311","Hawaii","forests",138.821173,"Young","166c2ab3-65ff-488c-9964-0e4554be44f1","Fortini_2017"
"312","Hawaii","forests",0.747480417,"Young","04621996-5e0b-4722-9c22-165c23d479f7","Fortini_2017"
"313","Hawaii","forests",304.6220225,"Young","409e0591-c706-4167-8b3f-945bc58ddf8f","Fortini_2017"
"314","Hawaii","forests",-0.035042358,"Young","54c90a98-80ae-4c3d-b842-32883f057a7d","Fortini_2017"
"315","Hawaii","forests",76.38684293,"Young","0842876d-92e7-4058-b1f4-c254310b2369","Fortini_2017"
"316","Hawaii","forests",0.075666513,"Young","efa89ef1-e14c-466b-9a75-38bf4bbc159a","Fortini_2017"
"317","Hawaii","forests",2405.583674,"Young","c3b99e38-7380-4756-bb1d-fbf1b00c8ec4","Fortini_2017"
"318","Hawaii","forests",384.0625307,"Young","427c7635-df71-457d-b909-fc5aee718459","Fortini_2017"
"319","Hawaii","forests",126.2037488,"Young","753ecadc-724b-43ef-9cfa-2d9e900bb42d","Fortini_2017"
"320","Hawaii","forests",1.754135649,"Young","db297adf-e494-4c26-a95f-6b30f38baf53","Fortini_2017"
"321","Hawaii","forests",202.2579216,"Young","d34853a4-f862-4459-b55e-cd8fa1e18427","Fortini_2017"
"322","Hawaii","forests",0.674194094,"Young","9bdc657e-b06d-448c-bc9d-5d7df1e01b55","Fortini_2017"
"323","Hawaii","forests",1.602289264,"Young","d908146d-8085-4f30-8b26-9d31cfcc8083","Fortini_2017"
"324","Hawaii","forests",13391.72975,"Old","02ee4f76-d61a-4f45-87e7-96ea08ae3388","Fortini_2017"
"325","Hawaii","forests",11293.05705,"Old","15bd0969-7ad9-4a52-9bf6-0922e672b7f9","Fortini_2017"
"326","Hawaii","forests",537.5162599,"Old","bf1786fc-3d06-4bac-907e-07101d263fb3","Fortini_2017"
"327","Hawaii","forests",2687.889423,"Old","84df3996-33e0-4e4a-9c4d-0e96ff136c55","Fortini_2017"
"328","Hawaii","forests",1326.146416,"Old","867db472-b21e-4cc9-8cfe-79406c6edc5c","Fortini_2017"
"329","Hawaii","forests",13485.44408,"Old","edd39b60-5e44-43fa-8e67-cbea18691265","Fortini_2017"
"330","Hawaii","forests",2662.585237,"Old","3dd75f24-b6cf-44b9-b271-e89e76993742","Fortini_2017"
"331","Hawaii","forests",15680.1983,"Old","17d89241-0fb0-4bd3-8e0a-b8a033ba3de1","Fortini_2017"
"332","Hawaii","forests",1976.754695,"Old","7b927e6d-0d14-4947-aa59-1a5555ed17c6","Fortini_2017"
"333","Hawaii","forests",2550.660152,"Old","7baf462d-bec4-4083-bcd5-16f70ec42434","Fortini_2017"
"334","Hawaii","forests",11569.52429,"Old","4d5d339c-277e-4ebf-9ffe-2400e7b21295","Fortini_2017"
"335","Hawaii","forests",1077.984439,"Old","acd45de0-fc58-491e-a037-316fff40ece3","Fortini_2017"
"336","Hawaii","forests",17911.30098,"Old","ce182d2f-1de3-4f85-a38a-56ecc6ff15e5","Fortini_2017"
"337","Hawaii","forests",9877.195396,"Old","d18518ea-05a5-4c4c-aa9a-fb8873aaed98","Fortini_2017"
"338","Hawaii","forests",4883.251044,"Old","8651d988-b469-4e85-a7de-15428d958236","Fortini_2017"
"339","Hawaii","forests",13680.5191,"Old","bf8fc36b-fd82-4f64-ab10-76d2e044b56b","Fortini_2017"
"340","Hawaii","forests",8089.853105,"Old","2de3c35b-e951-473e-b14c-d447ade0a860","Fortini_2017"
"341","Kauai","forests",55.00277318,"Old","9af13308-1260-4f1f-b036-ba1376416d88","Fortini_2017"
"342","Kauai","forests",1387.361693,"Old","bbc80a00-99a7-4d38-be41-d35f4066319b","Fortini_2017"
"343","Kauai","forests",210.6882871,"Old","d6a7bf00-07f7-4f05-bb8c-7aab466d350f","Fortini_2017"
"344","Kauai","forests",0.442691056,"Old","65089b95-69ee-46c0-9d6f-43019bc38cc6","Fortini_2017"
"345","Kauai","forests",294.603688,"Old","454d97a5-4b03-49e3-8011-68c0582861f1","Fortini_2017"
"346","Kauai","forests",57.6615829,"Old","0bb0dc47-8eb6-4e25-848b-2ce4d6bbb4d7","Fortini_2017"
"347","Kauai","forests",948.0448308,"Old","49b81b45-6468-4b68-aa2d-28f1c13c82e9","Fortini_2017"
"348","Kauai","forests",666.6589166,"Old","f3469fbe-2830-413d-944c-08a7ff1ceef0","Fortini_2017"
"349","Kauai","forests",490.2749607,"Old","38dc69b4-f01a-4c1d-8a90-5f71a641b8e3","Fortini_2017"
"350","Kauai","forests",110.7171289,"Old","2f83a194-0262-41f1-a573-8b5f9f3eca61","Fortini_2017"
"351","Kauai","forests",47.40831879,"Old","1568972d-cf83-4389-8d72-da75b48d0cec","Fortini_2017"
"352","Kauai","forests",62.30019293,"Old","bb5044d9-a40c-4aac-9827-b2b4e05624ba","Fortini_2017"
"353","Kauai","forests",1442.617277,"Old","9e5f050c-c3ba-47f4-8aaf-3f9fd36e8915","Fortini_2017"
"354","Kauai","forests",2238.297552,"Old","c97c42dc-5d77-4636-94a9-c161e1cbf0bd","Fortini_2017"
"355","Kauai","forests",715.0549921,"Old","00fad0e1-e44e-4973-9c01-3d4a33b79ed0","Fortini_2017"
"356","Kauai","forests",587.4235689,"Old","b32328df-c2b3-458e-8734-e2df869988c2","Fortini_2017"
"357","Kauai","forests",1255.036327,"Old","98437e92-53c0-40c6-a0c9-bb1931327114","Fortini_2017"
"358","Hawaii","forests",1680.736526,"Old","af3acf27-99aa-4d1e-a910-65d72222782f","Fortini_2017"
"359","Hawaii","forests",419.1128633,"Old","4dd1214e-7db0-484a-abc6-0628f0dc2591","Fortini_2017"
"360","Hawaii","forests",588.3918776,"Old","b07393ba-12e2-487f-a120-b265eb5d1d68","Fortini_2017"
"361","Hawaii","forests",70.53683135,"Old","c6384a41-f9e0-462d-a448-28ca81f30a60","Fortini_2017"
"362","Hawaii","forests",836.003065,"Old","d95386a0-1fc6-4b53-bbe2-d4f0ac25d4c9","Fortini_2017"
"363","Hawaii","forests",1753.73835,"Old","cea315e1-31b6-47e1-be40-a4e8eb6da1ee","Fortini_2017"
"364","Hawaii","forests",305.5992043,"Old","2f0b7c3d-a57d-4350-a9a6-3344cfad29fa","Fortini_2017"
"365","Hawaii","forests",62.15749757,"Old","a807a318-36f6-4200-a777-4f70722f2d03","Fortini_2017"
"366","Hawaii","forests",40.88779638,"Old","062a13ca-404a-4d5b-8bea-15ea545697ec","Fortini_2017"
"367","Hawaii","forests",629.2101679,"Old","24bc9347-019c-4f48-8a48-dbd5ab8d100b","Fortini_2017"
"368","Hawaii","forests",322.8847688,"Old","d6410556-5dea-4282-8e13-944c088dabfb","Fortini_2017"
"369","Hawaii","forests",2380.223299,"Old","6c909db0-26b6-4579-93d2-9298e0fef202","Fortini_2017"
"370","Hawaii","forests",103.2396542,"Old","dd7a9106-a9d2-4ca6-a5a7-a1e8b64e80b1","Fortini_2017"
"371","Hawaii","forests",2144.524373,"Old","e2a79c1f-b9f8-4d3e-997d-c9b6ac0af127","Fortini_2017"
"372","Hawaii","forests",3084.758032,"Old","dbc21bbc-63d2-49fa-a0fa-6ac7a214bba7","Fortini_2017"
"373","Hawaii","forests",179.7065936,"Old","bc0e7b3f-2bf9-49f5-9c26-e128aa18f59f","Fortini_2017"
"374","Hawaii","forests",2621.505316,"Old","f46e5808-fda5-4206-9ff3-9d70d4b181cb","Fortini_2017"
"375","Kauai","forests",297.5154568,"Old","f3c1e6aa-f3ca-4998-bc04-397ba31f2787","Fortini_2017"
"376","Kauai","forests",1242.881555,"Old","7c63e2df-007b-4fa4-93a9-5c5633566990","Fortini_2017"
"377","Kauai","forests",4130.632182,"Old","cde01760-f6bb-4f80-8674-9195fb85a9a2","Fortini_2017"
"378","Kauai","forests",4130.632182,"Old","cde01760-f6bb-4f80-8674-9195fb85a9a2","Fortini_2017"
"379","Kauai","forests",232.9398991,"Old","e0cff9ec-ea62-4df4-99aa-e5dc3a0639cc","Fortini_2017"
"380","Kauai","forests",86.48290071,"Old","3ee53207-de28-4eab-bbda-4e4a60275bca","Fortini_2017"
"381","Kauai","forests",346.4883529,"Old","30ccaf87-efa8-4979-b187-f7d1646aa785","Fortini_2017"
"382","Kauai","forests",824.1959104,"Old","710a0e9c-2dd3-4099-a156-7ed7f437122e","Fortini_2017"
"383","Kauai","forests",360.3300213,"Old","bcf579f0-a317-40bd-a27c-f2725023d538","Fortini_2017"
"384","Kauai","forests",3013.608677,"Old","ceb0d916-a370-4eb2-aa95-dd48ff6ec889","Fortini_2017"
"385","Kauai","forests",3013.608677,"Old","ceb0d916-a370-4eb2-aa95-dd48ff6ec889","Fortini_2017"
"386","Kauai","forests",256.4846252,"Old","ea7f827e-d4d9-49a1-9556-61c01bdc998b","Fortini_2017"
"387","Kauai","forests",697.3462979,"Old","cc4df631-05a7-43f5-9180-bfab0f809173","Fortini_2017"
"388","Kauai","forests",2422.155671,"Old","e1159584-607d-472e-9766-a443bcdc21ab","Fortini_2017"
"389","Kauai","forests",828.4006305,"Old","ed3eecde-6127-4376-ac22-8c10bef09561","Fortini_2017"
"390","Kauai","forests",1660.350102,"Old","0a4838a7-fb73-4613-9862-02667893e850","Fortini_2017"
"391","Kauai","forests",205.9146972,"Old","77df78d7-3aa0-4f06-8ce1-e304fddc05bd","Fortini_2017"
"392","Kauai","forests",1192.263915,"Old","5f478446-a498-4731-a526-aee701ac7cfd","Fortini_2017"
"393","Kauai","forests",1439.384564,"Old","3001e413-1b34-4499-bec1-4f39ed60428a","Fortini_2017"
"394","Kauai","forests",824.1959104,"Old","710a0e9c-2dd3-4099-a156-7ed7f437122e","Fortini_2017"
"395","Hawaii","forests",826.5369015,"Old","11751ee2-9c8c-4fce-bd2a-acbef70a404f","Fortini_2017"
"396","Hawaii","forests",652.210528,"Old","7755893f-892e-46aa-b814-b215b5386fae","Fortini_2017"
"397","Hawaii","forests",-15.40390835,"Old","b1cde121-ec74-4970-ab64-868446625156","Fortini_2017"
"398","Hawaii","forests",7.675044341,"Old","8bdd3416-8f1d-48f6-93f0-f9cc29681556","Fortini_2017"
"399","Hawaii","forests",155.7520269,"Old","fb1e2e7f-10a1-4c83-b5f3-4b2326534ff5","Fortini_2017"
"400","Hawaii","forests",59.17076286,"Old","fac6d70d-f5eb-4d47-921a-bbfcb7f812df","Fortini_2017"
"401","Hawaii","forests",1416.852195,"Old","89223c6c-375b-4a73-a4ea-78c34021ef9d","Fortini_2017"
"402","Hawaii","forests",568.5203421,"Old","d147734e-4255-476a-810e-df42c3e02ef1","Fortini_2017"
"403","Hawaii","forests",1859.894061,"Old","f99b2a61-924f-43b2-b51f-7b9f9a4bfa40","Fortini_2017"
"404","Hawaii","forests",3580.409093,"Old","7ab0e7ba-9394-4da4-a94b-b5b9829d829f","Fortini_2017"
"405","Hawaii","forests",3391.008671,"Old","aad90204-0039-466b-8728-ab0eb91533c2","Fortini_2017"
"406","Hawaii","forests",1076.124356,"Old","c5354639-e216-4072-a158-1e6e458d4547","Fortini_2017"
"407","Hawaii","forests",1791.640537,"Old","66073ddb-b7c8-4b33-b63f-73b7afed7fe8","Fortini_2017"
"408","Hawaii","forests",1776.222233,"Old","3eeec49a-21bc-4b4f-801b-cc77721b18cc","Fortini_2017"
"409","Hawaii","forests",1.34580813,"Old","68e6387a-deff-4213-b189-1c258d2ebcc2","Fortini_2017"
"410","Hawaii","forests",1475.577579,"Old","90ef1a3e-8e20-44cc-813f-46cf3f28daf2","Fortini_2017"
"411","Hawaii","forests",3707.229237,"Old","31e0efb4-338a-4d68-82de-89db1428fef5","Fortini_2017"
"412","Kauai","forests",532.6073078,"Old","4de319ec-aa55-4815-a504-2ce174d49885","Fortini_2017"
"413","Kauai","forests",736.389905,"Old","1c8725fe-8440-48d9-b7bb-f5d239bea0eb","Fortini_2017"
"414","Kauai","forests",1208.605494,"Old","1050c477-9140-4080-8319-b2a6472194f5","Fortini_2017"
"415","Kauai","forests",1704.008047,"Old","9587f8dc-f0d5-488f-9939-c5d5743f8d00","Fortini_2017"
"416","Kauai","forests",575.8159189,"Old","e73b6bc1-d269-4ee1-a3ce-110e7fc711d0","Fortini_2017"
"417","Kauai","forests",2706.861031,"Old","7271539f-18d1-4fae-90f4-5bba07410066","Fortini_2017"
"418","Kauai","forests",1540.581386,"Old","64b66ad3-2ffe-4b9e-aa39-eca0571db45a","Fortini_2017"
"419","Kauai","forests",915.3836654,"Old","62c4f337-0a2b-4338-96f3-eb4d67698373","Fortini_2017"
"420","Kauai","forests",429.0099512,"Old","453df23d-b9fd-4135-b2bd-548916ca1ec7","Fortini_2017"
"421","Kauai","forests",945.1344775,"Old","1b72c066-533c-4f13-8c8c-154b8f927963","Fortini_2017"
"422","Kauai","forests",1614.748623,"Old","f1515a0b-4f64-4405-9970-f0910b432255","Fortini_2017"
"423","Kauai","forests",2.357666427,"Old","d6c9dd1f-78fb-4c0b-a173-41ac5f23498b","Fortini_2017"
"424","Kauai","forests",1140.14812,"Old","72fc21cb-e921-4133-b603-e9502f1addb1","Fortini_2017"
"425","Kauai","forests",20.79630416,"Old","fbfcdb9a-8777-488b-b864-a32580b923b5","Fortini_2017"
"426","Kauai","forests",277.7004903,"Old","061b4191-6373-4994-9a4e-0e55d664335d","Fortini_2017"
"427","Kauai","forests",15.42198535,"Old","4f28acdc-3bf7-4a4d-9d49-a38b2e29698f","Fortini_2017"
"428","Kauai","forests",1467.739648,"Old","c5de9565-0280-4534-8a23-4ec3229caf93","Fortini_2017"
"429","Hawaii","forests",3512.091794,"Old","c633a09f-3dca-4ab2-92ef-390868f2b8fb","Fortini_2017"
"430","Hawaii","forests",2277.652545,"Old","c9206116-d24f-4f84-8c43-a32f1166ea4a","Fortini_2017"
"431","Hawaii","forests",5060.40007,"Old","69773131-8a48-497f-a930-3b8b17d929d1","Fortini_2017"
"432","Hawaii","forests",3646.729576,"Old","659cdb73-d145-4348-aabd-cc7d62645d6f","Fortini_2017"
"433","Hawaii","forests",4292.981894,"Old","59846dc7-4af3-46f8-b8b0-0a291823b23e","Fortini_2017"
"434","Hawaii","forests",6749.663203,"Old","95e549df-2bdf-4213-b75e-9b8a846ca96b","Fortini_2017"
"435","Hawaii","forests",1241.77569,"Old","39467aa2-ea7a-4930-a03b-a3c507d404cf","Fortini_2017"
"436","Hawaii","forests",3016.271851,"Old","b65cefb6-38da-404a-86b9-06618f24768b","Fortini_2017"
"437","Hawaii","forests",5544.253981,"Old","dcfa0c1c-83a1-4a35-bc90-cd2900e5614d","Fortini_2017"
"438","Hawaii","forests",6775.049013,"Old","6297c9e8-a7c7-4f13-9fa9-62ddc649920b","Fortini_2017"
"439","Hawaii","forests",387.7024875,"Old","50527314-5c63-4e97-9aeb-a13c5e2b240f","Fortini_2017"
"440","Hawaii","forests",731.5242965,"Old","a0b83b3b-a01a-4115-a48c-caa9482624fa","Fortini_2017"
"441","Hawaii","forests",11430.57768,"Old","becddef1-6efe-4df7-9ead-084dc6c4fe51","Fortini_2017"
"442","Hawaii","forests",9989.519828,"Old","a8c499de-639d-47ab-8a7e-a4048f3c7a11","Fortini_2017"
"443","Hawaii","forests",7374.252074,"Old","c8c3c5fe-c87d-4dd0-948b-414aaa28f8db","Fortini_2017"
"444","Hawaii","forests",2776.059171,"Old","a58cbb2f-7054-443d-862c-58a51e5ad991","Fortini_2017"
"445","Hawaii","forests",7151.412755,"Old","81679a45-d50e-4958-9176-46d69c80290d","Fortini_2017"
"446","Kauai","forests",6.469798759,"Old","ae6562a5-5fac-4640-9ba1-0f4a81211903","Fortini_2017"
"447","Kauai","forests",1450.68512,"Old","3e59d081-9651-4423-8956-b37efeef7bb2","Fortini_2017"
"448","Kauai","forests",170.0261993,"Old","fa96dbb0-cdc5-4143-ad16-66214761ced4","Fortini_2017"
"449","Kauai","forests",5.468512235,"Old","78ea0ea0-c08d-4297-ac00-1289a8b0b564","Fortini_2017"
"450","Kauai","forests",1119.037004,"Old","3c83109f-c6a5-492b-b55d-74c5a798a583","Fortini_2017"
"451","Kauai","forests",1158.548252,"Old","f9c28312-b7e1-4a14-ae00-459e278e1fb5","Fortini_2017"
"452","Kauai","forests",369.9712185,"Old","d998816f-3fe4-4e77-88f9-38d1100312a5","Fortini_2017"
"453","Kauai","forests",594.3610167,"Old","8b797ded-9053-41ae-a78d-6f6fee1e78d0","Fortini_2017"
"454","Kauai","forests",2973.79825,"Old","23885564-5d2e-4c68-8408-2ce1892088e4","Fortini_2017"
"455","Kauai","forests",4791.501123,"Old","a7be87d2-e95e-4972-a4c1-870e76de203a","Fortini_2017"
"456","Kauai","forests",15229.46486,"Old","e3b5e431-59f6-4ca8-83bf-6bb1827b4c28","Fortini_2017"
"457","Kauai","forests",350.1435545,"Old","bc519f4e-fd59-4f03-85f9-0d4b31df118c","Fortini_2017"
"458","Kauai","forests",4173.209213,"Old","ea9a9883-17e0-48bc-9a16-a844d030f815","Fortini_2017"
"459","Kauai","forests",433.1205296,"Old","c4e0cd68-e35a-4228-83b4-c235627d71b1","Fortini_2017"
"460","Kauai","forests",6152.115266,"Old","9d7c518c-bb82-43d0-b8d9-867802977d12","Fortini_2017"
"461","Kauai","forests",1734.380759,"Old","8f705e41-e751-440c-a15b-e6715f55faa5","Fortini_2017"
"462","Kauai","forests",61.82283848,"Old","0618a82f-d131-45d5-a443-d57beac6f3d0","Fortini_2017"
"463","Hawaii","forests",344.079062,"Young","5b5f5adf-3345-45b5-ad83-e27fcc60e6e0","Fortini_2017"
"464","Hawaii","forests",3839.93799,"Young","ff8c1699-6125-4a20-9c81-e82cd9103900","Fortini_2017"
"465","Hawaii","forests",706.196289,"Young","3af1ae4c-12e9-4537-a333-2dcf19804127","Fortini_2017"
"466","Hawaii","forests",927.5282433,"Young","ac81c9dd-ba88-44e8-ab7f-c6fd95af015a","Fortini_2017"
"467","Hawaii","forests",931.6280041,"Young","07a5b6fc-c27c-4359-822f-18f21981dbd3","Fortini_2017"
"468","Hawaii","forests",1034.506371,"Young","d19a6046-d859-4a1b-9bd2-38b0639524a7","Fortini_2017"
"469","Hawaii","forests",1068.317014,"Young","554bda74-f1ac-446e-8aa0-b2f6992911ad","Fortini_2017"
"470","Hawaii","forests",860.7386015,"Young","6cb26cf2-6f2e-4ede-9797-6326202b6772","Fortini_2017"
"471","Hawaii","forests",3061.88513,"Young","42b73c67-1090-497e-839f-39107e4f541c","Fortini_2017"
"472","Hawaii","forests",905.1525127,"Young","bc8fb7c5-26d1-4bc5-b878-aac2ccbee758","Fortini_2017"
"473","Hawaii","forests",1334.785138,"Young","b93ff4f1-ddee-4548-b6de-dd9be1d881c7","Fortini_2017"
"474","Hawaii","forests",1056.691563,"Young","5902194f-0a61-4427-b048-a07c6f2010d2","Fortini_2017"
"475","Hawaii","forests",475.2357162,"Young","157675ca-1048-4dd7-b729-d546502440de","Fortini_2017"
"476","Hawaii","forests",NA,"Young","07123811-e08e-4c53-8a2c-cc683113cb2e","Fortini_2017"
"477","Hawaii","forests",564.0534726,"Young","86015ae5-0b07-4b42-827f-68118a01a820","Fortini_2017"
"478","Hawaii","forests",684.5044587,"Young","50731b24-a4aa-49df-8e22-f60cec878671","Fortini_2017"
"479","Hawaii","forests",3721.177859,"Young","772fa16e-0e10-49b0-9b5d-6c0b2431ab98","Fortini_2017"
"480","Hawaii","forests",65.94535049,"Young","2d74c83c-2662-4904-8bfb-055e390eea4f","Fortini_2017"
"481","Hawaii","forests",35.15334274,"Young","3f6ac09d-2286-4da2-bd26-926d8ee16c17","Fortini_2017"
"482","Hawaii","forests",672.8790985,"Young","e1a80561-d2fa-426b-be5c-a69eefff1bbc","Fortini_2017"
"483","Hawaii","forests",13.90740388,"Young","f7340cc9-6a81-40b9-86fc-f13c6467b030","Fortini_2017"
"484","Hawaii","forests",404.8429084,"Young","ba10e855-f6b4-4a89-a19a-5eaf136557ce","Fortini_2017"
"485","Hawaii","forests",7649.255578,"Young","d024fdfa-3ed9-4ede-8cbd-5358d3b0225e","Fortini_2017"
"486","Hawaii","forests",837.990213,"Young","8833e6f2-dccf-41e7-8485-4e5a34b22bae","Fortini_2017"
"487","Hawaii","forests",225.6528955,"Young","4757f9e5-9121-4008-b0b3-6dd2023944f9","Fortini_2017"
"488","Hawaii","forests",251.9946803,"Young","6ab084e1-44b6-40c9-843f-2909eb7619cb","Fortini_2017"
"489","Hawaii","forests",60.91904552,"Young","d5715357-fead-45df-b0c9-c42bd279728b","Fortini_2017"
"490","Hawaii","forests",143.723124,"Young","b4d7f124-9e9e-41f2-bdf8-8e96572291ea","Fortini_2017"
"491","Hawaii","forests",25.02509559,"Young","16677a89-ee73-4b4b-b357-e54e4143bd77","Fortini_2017"
"492","Hawaii","forests",126.2263093,"Young","55ee435d-675f-4681-8f12-437ad4ef1466","Fortini_2017"
"493","Hawaii","forests",597.817639,"Young","c90fe272-471d-4e4e-bd4c-abb782795fe0","Fortini_2017"
"494","Hawaii","forests",114.9542737,"Young","af0076c6-d043-4f46-b253-b4b83c01e2a1","Fortini_2017"
"495","Hawaii","forests",2136.693607,"Young","b6312882-0d54-4148-92bb-8fe1eb906c0d","Fortini_2017"
"496","Hawaii","forests",4.252771247,"Young","6b1d3f1d-1149-4196-a89b-56a1443fe5f9","Fortini_2017"
"497","Hawaii","forests",55.55093906,"Medium","de1ad43e-fd0b-4bec-8b74-bd3f938cb16d","Fortini_2017"
"498","Hawaii","forests",185.3035976,"Medium","c48d2644-f438-4d0d-9b42-881284b58f2a","Fortini_2017"
"499","Hawaii","forests",37.43602527,"Medium","22405ea8-c771-4cb9-897a-6d3b362553bb","Fortini_2017"
"500","Hawaii","forests",52.8144594,"Medium","bbd67904-4b70-4595-82fa-5fbebb607547","Fortini_2017"
"501","Hawaii","forests",40.91823538,"Medium","1ded1560-121d-4900-b07f-94a7328b15b5","Fortini_2017"
"502","Hawaii","forests",62.79732093,"Medium","1fb1a12d-6a95-4714-815f-ded455a679e9","Fortini_2017"
"503","Hawaii","forests",44.72541268,"Medium","553ea6a3-3f2a-4fdf-a0a5-6dce246fab41","Fortini_2017"
"504","Hawaii","forests",57.30328077,"Medium","e639d7f0-bbbc-46f5-bb22-4e158e366307","Fortini_2017"
"505","Hawaii","forests",0.160201579,"Medium","40490514-ff3a-4944-89da-4120e35a8fae","Fortini_2017"
"506","Hawaii","forests",44.95380763,"Medium","e80f1789-0486-4488-8305-7fad33f35f85","Fortini_2017"
"507","Hawaii","forests",0.239425196,"Medium","eeedc208-cde9-4191-9ccb-edfb23c2a065","Fortini_2017"
"508","Hawaii","forests",26.98986471,"Medium","215a26e4-32ac-41fb-98b4-26853a6fbaa8","Fortini_2017"
"509","Hawaii","forests",0.468706013,"Medium","097a93b0-3f1a-4abc-b56f-35dbbcecc3ab","Fortini_2017"
"510","Hawaii","forests",0.140951016,"Medium","22f1bd8c-56fc-48cd-b05d-08283c2d1ff4","Fortini_2017"
"511","Hawaii","forests",11.54816649,"Medium","cf7cc798-e742-4a99-b04f-fc357c64aef3","Fortini_2017"
"512","Hawaii","forests",69.14544584,"Medium","854d3af6-0c78-41b7-aeff-6b7e7a6dafb7","Fortini_2017"
"513","Hawaii","forests",12.34784356,"Medium","f763d776-6c68-4439-809a-91682412c15c","Fortini_2017"
"514","Hawaii","forests",159.6507264,"Young","f894e504-e2ad-4b92-acd2-7fd7880791ec","Fortini_2017"
"515","Hawaii","forests",17.6490425,"Young","25087ba1-8da9-4663-8557-7a1980a334e0","Fortini_2017"
"516","Hawaii","forests",511.3590974,"Young","4ef92046-0d1e-4af9-b520-f5ce9186ef59","Fortini_2017"
"517","Hawaii","forests",70.50734661,"Young","bd0e874e-d487-43f3-a9f3-ab35de157ff1","Fortini_2017"
"518","Hawaii","forests",35.02905847,"Young","caf62c18-2e11-452e-a163-5f49bec56bc1","Fortini_2017"
"519","Hawaii","forests",1552.566244,"Young","f7a1904c-e209-4f72-96ce-9f0dc5f37147","Fortini_2017"
"520","Hawaii","forests",880.6782998,"Young","9942af39-ce17-4eaa-b0fb-286e62826116","Fortini_2017"
"521","Hawaii","forests",820.2937091,"Young","e00d5ef0-d132-4744-b790-b07fc972ad5b","Fortini_2017"
"522","Hawaii","forests",257.6195897,"Young","44113f11-c506-4919-9be6-f78057a459bb","Fortini_2017"
"523","Hawaii","forests",46.4624721,"Young","f12e45b1-97ca-47a8-9ce6-0525515702f4","Fortini_2017"
"524","Hawaii","forests",380.9503186,"Young","553f5ee5-004a-4533-b9fa-b842af858356","Fortini_2017"
"525","Hawaii","forests",57.672902,"Young","bfd9c4f8-d776-4dc0-9770-db625f81cbb0","Fortini_2017"
"526","Hawaii","forests",3513.651829,"Young","9d2f98b0-0e5c-4bed-b22f-d4b4a2392ee4","Fortini_2017"
"527","Hawaii","forests",3686.067645,"Young","24936419-1d88-4bf5-b033-51ea6262b677","Fortini_2017"
"528","Hawaii","forests",3288.309966,"Young","60447a10-7141-4230-aee0-94b80357f872","Fortini_2017"
"529","Hawaii","forests",178.1362862,"Young","25cbf8c3-64e1-4008-aaa3-5bed889240c8","Fortini_2017"
"530","Hawaii","forests",215.6555339,"Young","d7f711f7-59c5-482c-96c1-4b72b6a32e88","Fortini_2017"
"531","Hawaii","forests",272.6239243,"Young","a1b67771-a9f8-4fe2-81b3-713efb0fbb46","Fortini_2017"
"532","Hawaii","forests",751.8475177,"Young","389f2055-8000-4e58-a844-c76e6e037f0f","Fortini_2017"
"533","Hawaii","forests",7.840181325,"Young","30dbbc76-60ca-4306-990c-9514216a5ae0","Fortini_2017"
"534","Hawaii","forests",200.8607688,"Young","cb5b5db3-536e-48d7-8b62-09264647e842","Fortini_2017"
"535","Hawaii","forests",2589.589083,"Young","6be235db-dde6-4daf-9db0-7fcfc7a91280","Fortini_2017"
"536","Hawaii","forests",1444.659359,"Young","a2b7958c-f419-417c-8a10-b4f9ec53a56b","Fortini_2017"
"537","Hawaii","forests",526.5088899,"Young","0138d9e8-8528-4d57-863a-dfb4d05127be","Fortini_2017"
"538","Hawaii","forests",697.0633812,"Young","5936f824-aa84-4b36-8b91-d7188b028538","Fortini_2017"
"539","Hawaii","forests",68.50235074,"Young","e43b4aeb-f4f5-4964-84fa-47a36c37a4e8","Fortini_2017"
"540","Hawaii","forests",644.401387,"Young","e9780e90-d3db-45f6-bfa0-a1354bb4b9df","Fortini_2017"
"541","Hawaii","forests",443.6897837,"Young","bd007a6f-da2f-4575-87d0-d990908a933c","Fortini_2017"
"542","Hawaii","forests",900.4384688,"Young","2439d8df-4e27-4fed-b44f-9ae631f58284","Fortini_2017"
"543","Hawaii","forests",145.0083345,"Young","c78248ef-0ba8-4aec-bd05-f1c4c5c1b769","Fortini_2017"
"544","Hawaii","forests",127.6437772,"Young","bed559a1-82e6-4d4e-a9c4-d9ae459eff69","Fortini_2017"
"545","Hawaii","forests",188.0591035,"Young","6f53a0eb-740b-4084-bb36-60d3f71b1307","Fortini_2017"
"546","Hawaii","forests",520.9603867,"Young","d7cb5f59-5c98-4930-af0d-eb06aab8c22f","Fortini_2017"
"547","Hawaii","forests",235.2521702,"Young","033d50fd-f672-42bb-9745-4bfb4dedcd23","Fortini_2017"
"548","Hawaii","forests",47.49145962,"Medium","f823a1fb-265b-4038-bfc3-103a34f694fc","Fortini_2017"
"549","Hawaii","forests",68.30192233,"Medium","4ad02c90-8468-4bfe-ab27-cfb5f19757b8","Fortini_2017"
"550","Hawaii","forests",0.708888358,"Medium","e31b14ad-73bf-4ea3-b10a-6b4c01b6402f","Fortini_2017"
"551","Hawaii","forests",794.4904779,"Medium","e4c0265e-dc1b-4388-9f63-788fb7be1859","Fortini_2017"
"552","Hawaii","forests",248.0401232,"Medium","5ebe328f-188c-4d6d-af65-f5ce0e3b3637","Fortini_2017"
"553","Hawaii","forests",1.571847115,"Medium","004c78ea-abcd-47a5-a530-1258d31083f2","Fortini_2017"
"554","Hawaii","forests",166.0327369,"Medium","49a8b9e7-70ba-4b1e-8d02-56a78cdf86a6","Fortini_2017"
"555","Hawaii","forests",49.3721059,"Medium","5b51bfe8-0746-4ecb-b53c-7c8c1448dc50","Fortini_2017"
"556","Hawaii","forests",863.6968899,"Medium","0b31514a-a5bb-437a-9dc4-52379e66d64a","Fortini_2017"
"557","Hawaii","forests",0.140037228,"Medium","45900a4b-f81f-4a02-970d-09e51d0d00df","Fortini_2017"
"558","Hawaii","forests",170.270619,"Medium","d083ec6d-9046-47f9-bd46-2ab874ba78e2","Fortini_2017"
"559","Hawaii","forests",2.121766062,"Medium","cff16ed0-464a-4412-bc2e-669e90307d93","Fortini_2017"
"560","Hawaii","forests",277.997069,"Medium","1b0106ff-9d14-4fbe-8e52-fd17d286e701","Fortini_2017"
"561","Hawaii","forests",297.8262469,"Medium","8ff89944-8216-4e2c-bde7-1ad8f55a5d8c","Fortini_2017"
"562","Hawaii","forests",71.96158488,"Medium","1acc964a-c908-4701-a5e2-d8b17543051e","Fortini_2017"
"563","Hawaii","forests",28.45595145,"Medium","6051a093-9376-480f-8b55-1410f5c870e8","Fortini_2017"
"564","Hawaii","forests",635.2597964,"Medium","90c55de9-71bf-44ee-b781-d420057eb1d9","Fortini_2017"
"565","Hawaii","forests",8658.042897,"Young","ee793be6-cd79-4394-a1b6-630b829e0ffc","Fortini_2017"
"566","Hawaii","forests",76.65015979,"Young","026017a9-2151-4ecf-99db-a970db0f078d","Fortini_2017"
"567","Hawaii","forests",24.64888023,"Young","e21ca488-e495-405b-8240-30ca70cc7c1c","Fortini_2017"
"568","Hawaii","forests",1.367045697,"Young","47c5ba60-3dab-4c8e-81fe-a05a48e842a2","Fortini_2017"
"569","Hawaii","forests",296.4127318,"Young","5c5034e0-60c0-436d-a317-e23800f99281","Fortini_2017"
"570","Hawaii","forests",6.954415894,"Young","b7a47855-6729-4dbb-a90e-1d59c7e601e7","Fortini_2017"
"571","Hawaii","forests",41.18002116,"Young","3b1aafe4-e579-4c3e-adbc-847c248364a8","Fortini_2017"
"572","Hawaii","forests",471.6072454,"Young","6dc47774-52e3-48c7-a8a0-c5442128b894","Fortini_2017"
"573","Hawaii","forests",37.61187286,"Young","37fb86e5-0492-4df2-a32d-a24b256ac6f4","Fortini_2017"
"574","Hawaii","forests",293.4079945,"Young","580b1185-8daa-4a15-b4cf-b60a92e353fb","Fortini_2017"
"575","Hawaii","forests",247.1679555,"Young","55226e64-8858-484a-8aaf-75e855592661","Fortini_2017"
"576","Hawaii","forests",226.0799459,"Young","b6d403cd-e233-4019-9592-668771457f11","Fortini_2017"
"577","Hawaii","forests",5536.751363,"Young","d3d29e6e-31ec-4d1d-a775-a73be7848218","Fortini_2017"
"578","Hawaii","forests",28.06952429,"Young","6b598e88-bfce-43d3-afd8-a5ee2fd171b5","Fortini_2017"
"579","Hawaii","forests",232.7318614,"Young","c3719e49-1383-44f3-8cf7-d251a7d591c6","Fortini_2017"
"580","Hawaii","forests",932.2340188,"Young","63ba59f2-426b-4063-ab13-caebf866cbdc","Fortini_2017"
"581","Hawaii","forests",575.6155165,"Young","810b44be-9787-401b-ad35-66e6fffadd01","Fortini_2017"
"582","Hawaii","forests",22.58457878,"Young","cbba01e8-6195-4a9f-8d70-d1d442317e51","Fortini_2017"
"583","Hawaii","forests",219.53109,"Young","61690820-758a-4eeb-8a10-4475b186b8b9","Fortini_2017"
"584","Hawaii","forests",3.315914552,"Young","61687fdc-35dc-42b3-954f-7ac155d687b4","Fortini_2017"
"585","Hawaii","forests",4.59383202,"Young","3e490d3f-3217-4556-ae50-339cc2ca3374","Fortini_2017"
"586","Hawaii","forests",1369.035145,"Young","601f62dd-bd75-4a83-9fbd-f8d0553e7b26","Fortini_2017"
"587","Hawaii","forests",781.8079184,"Young","3b8b985d-c153-4b4a-ad9f-e17637deb94d","Fortini_2017"
"588","Hawaii","forests",44.66353294,"Young","50be4c84-32af-4b0e-9c12-2b10f54c607b","Fortini_2017"
"589","Hawaii","forests",2268.951661,"Young","6cf24d10-c109-4868-8034-21588260d2cf","Fortini_2017"
"590","Hawaii","forests",75.72238674,"Young","c6cf4976-da67-4906-a287-bbe3e9a32366","Fortini_2017"
"591","Hawaii","forests",19.3164903,"Young","039ad876-7a95-4d12-90e6-f27179d6fd91","Fortini_2017"
"592","Hawaii","forests",1235.142138,"Young","6eeb49cb-e26f-4c57-afd9-de4420fa14d5","Fortini_2017"
"593","Hawaii","forests",1988.305314,"Young","119dc2b0-e6e0-4f0a-902b-2040248ece5c","Fortini_2017"
"594","Hawaii","forests",466.5327929,"Young","b64e257d-a8b0-4e2e-a4c3-d4eef24f4113","Fortini_2017"
"595","Hawaii","forests",344.2278796,"Young","03ae1c17-a8a5-46a2-b004-e41128c625ad","Fortini_2017"
"596","Hawaii","forests",1034.311037,"Young","6e41fd68-bbf7-489e-a029-4f303379cc16","Fortini_2017"
"597","Hawaii","forests",111.1929694,"Young","7bc22de5-4bc7-45f7-b6e1-9431c26196fb","Fortini_2017"
"598","Hawaii","forests",2297.228898,"Young","b2844d6e-f968-4d7c-8167-05c2e0389ce7","Fortini_2017"
"599","Hawaii","forests",197.8212923,"Medium","56464a24-6df7-478c-acd5-03a188d85266","Fortini_2017"
"600","Hawaii","forests",183.8807785,"Medium","c0e0aceb-acb6-45ad-91f2-cd2ccc9926ff","Fortini_2017"
"601","Hawaii","forests",120.4496813,"Medium","7913082f-ee8d-4faf-adf5-03fa776248a1","Fortini_2017"
"602","Hawaii","forests",216.0530955,"Medium","f5cfc4ca-d75e-4c67-b7e3-e5d3974dd68c","Fortini_2017"
"603","Hawaii","forests",113.9067517,"Medium","98d3b132-cf29-4b65-85c2-fa8ed601951a","Fortini_2017"
"604","Hawaii","forests",540.1314905,"Medium","f8759d19-79c3-4c7b-8427-597be11d472f","Fortini_2017"
"605","Hawaii","forests",300.7767119,"Medium","31c277b1-492e-4aed-954e-116cf1222f96","Fortini_2017"
"606","Hawaii","forests",0.336306968,"Medium","f943b0ae-46ed-40f1-8c18-44c4d7b4a3a8","Fortini_2017"
"607","Hawaii","forests",1973.847362,"Medium","567c3a1d-15f5-415f-9a6d-00099b1cb3d3","Fortini_2017"
"608","Hawaii","forests",228.8687702,"Medium","574c7a5d-6451-4497-be09-c90a609a9d35","Fortini_2017"
"609","Hawaii","forests",377.3941085,"Medium","8def2eb5-bed6-45dd-88bc-027e124ef3b3","Fortini_2017"
"610","Hawaii","forests",206.1052629,"Medium","2055410d-5453-482b-b683-efb710c4d32d","Fortini_2017"
"611","Hawaii","forests",534.0668061,"Medium","31f2f8a2-65e9-40be-b897-b96cdf75ca94","Fortini_2017"
"612","Hawaii","forests",148.1515531,"Medium","5fb51e94-ae11-4dba-babb-35e8698d45ec","Fortini_2017"
"613","Hawaii","forests",546.5128108,"Medium","d47f6e0e-f06f-41b9-ba9c-e5ef46a52125","Fortini_2017"
"614","Hawaii","forests",148.5686587,"Medium","e057f33c-b453-4975-a224-fce4156a33ab","Fortini_2017"
"615","Hawaii","forests",465.9614169,"Medium","0f89901f-5ebd-42eb-bebb-f1df101c4e71","Fortini_2017"
"616","Hawaii","forests",113.1345,"Young","9e583f7f-4308-484d-a302-e1334a9debd6","Fortini_2017"
"617","Hawaii","forests",1307.699941,"Young","1ec507ec-e752-44ed-8d3c-e5e364f94cc2","Fortini_2017"
"618","Hawaii","forests",1258.401092,"Young","79ef0cc0-1166-444e-b727-f345fd6f5070","Fortini_2017"
"619","Hawaii","forests",677.9626453,"Young","86b904df-11aa-481a-9d36-2038ce95ce73","Fortini_2017"
"620","Hawaii","forests",2.729611384,"Young","8de653e6-f489-4e86-8c8f-97197b183255","Fortini_2017"
"621","Hawaii","forests",595.9840293,"Young","ab404c6b-8d39-4fe6-b29c-976d53038f87","Fortini_2017"
"622","Hawaii","forests",160.514796,"Young","a8c2eaf2-8a04-4999-8b62-d8bf4753f4dd","Fortini_2017"
"623","Hawaii","forests",738.0183419,"Young","f0037c78-438e-4960-9c3e-5b888d44e8dc","Fortini_2017"
"624","Hawaii","forests",356.2650036,"Young","eeaddf43-5ee0-4260-abe0-52562ae3d4b0","Fortini_2017"
"625","Hawaii","forests",1733.790052,"Young","76f1d0f9-7285-4d8a-a435-1233ee6fceff","Fortini_2017"
"626","Hawaii","forests",604.3377681,"Young","74d7ee00-bf29-48fb-962f-8a91da639196","Fortini_2017"
"627","Hawaii","forests",754.5057571,"Young","fd5976f4-9b15-484b-b0b7-4b161cea0317","Fortini_2017"
"628","Hawaii","forests",245.5363656,"Young","71ca50ee-8040-42ec-9256-ef13fc5245ed","Fortini_2017"
"629","Hawaii","forests",324.1183653,"Young","782e6e74-66e5-47dc-94aa-b44f64a2ce3b","Fortini_2017"
"630","Hawaii","forests",131.364779,"Young","9e0c8f5e-672c-4d52-aca4-ccc0c0bdb2c6","Fortini_2017"
"631","Hawaii","forests",110.3101311,"Young","d765d32f-5997-4294-b6d2-d5c88d221952","Fortini_2017"
"632","Hawaii","forests",141.2886676,"Young","ea7e438f-7894-4429-b362-6464d429191c","Fortini_2017"
"633","Hawaii","forests",61.11513385,"Young","aa76c315-297f-4a60-8e2c-69180ef33b77","Fortini_2017"
"634","Hawaii","forests",100.745147,"Young","4074c4e0-f87d-4e6c-8d78-26d782cff6ba","Fortini_2017"
"635","Hawaii","forests",112.4025804,"Young","9bcaea87-0c2e-4c39-817c-152539bf1f77","Fortini_2017"
"636","Hawaii","forests",380.4854794,"Young","d6970cb3-96be-45af-83f2-3a9f5732363d","Fortini_2017"
"637","Hawaii","forests",67.6603076,"Young","3607a587-ebb7-481f-b74e-c9007bcb33ae","Fortini_2017"
"638","Hawaii","forests",775.2952202,"Young","dc4c882d-2daa-4bc8-b225-16d6c1c84040","Fortini_2017"
"639","Hawaii","forests",181.0447036,"Young","613115ce-edb7-43ff-a8f7-08ac44639067","Fortini_2017"
"640","Hawaii","forests",239.8702443,"Young","8c40acd8-946e-4195-a4aa-a01cf7fa2d61","Fortini_2017"
"641","Hawaii","forests",7.565184877,"Young","98e3f476-f0fc-405c-a538-b98c898aff0e","Fortini_2017"
"642","Hawaii","forests",118.3254852,"Young","aa29e3ab-8d60-406c-bc35-3ecb7296ea68","Fortini_2017"
"643","Hawaii","forests",3279.26436,"Young","52f3bf93-3eb3-4088-9cd4-f54652c24bba","Fortini_2017"
"644","Hawaii","forests",36.26495191,"Young","a3c09b85-248d-48e3-bc13-1bd84e4a2f4b","Fortini_2017"
"645","Hawaii","forests",15.44108491,"Young","ed0d5c01-e398-4ae1-9de0-7430be9cfb5e","Fortini_2017"
"646","Hawaii","forests",59.04590124,"Young","203a066d-f14e-4a00-8920-215226200bb3","Fortini_2017"
"647","Hawaii","forests",8.941443135,"Young","c87bf621-6603-4cec-8364-8f69f89594fd","Fortini_2017"
"648","Hawaii","forests",28.88231725,"Young","8ac59460-d5a7-4715-9ba6-12d49c81f911","Fortini_2017"
"649","Hawaii","forests",330.5566877,"Young","173f256c-6f21-4e14-9a5d-781ebb2efc76","Fortini_2017"
"650","Hawaii","forests",709.929248,"Medium","907e09b9-b8c3-44fd-b7dc-587e118cb84b","Fortini_2017"
"651","Hawaii","forests",2.530919744,"Medium","34fb25f3-fc10-4b23-91b2-0d91687d6fd9","Fortini_2017"
"652","Hawaii","forests",0.889636558,"Medium","c503397c-61a9-46e0-a451-017f6c74ec32","Fortini_2017"
"653","Hawaii","forests",7719.716203,"Medium","a123eb77-be80-4fa7-83d3-60ce6aa79386","Fortini_2017"
"654","Hawaii","forests",2300.150977,"Medium","24168105-e72a-4d8f-b3d7-d4f7b827f7c5","Fortini_2017"
"655","Hawaii","forests",122.2207106,"Medium","5bb6da9a-4147-430e-b6fa-8e2865f047c4","Fortini_2017"
"656","Hawaii","forests",1.38935237,"Medium","9131c0d9-56b4-405b-ba21-91804be3dd03","Fortini_2017"
"657","Hawaii","forests",0,"Medium","cc8c734c-84f2-494d-bb6c-f7023084e7f4","Fortini_2017"
"658","Hawaii","forests",0.471162762,"Medium","fe5cdcee-0cd6-4abd-b6c9-0bade7b44396","Fortini_2017"
"659","Hawaii","forests",92.52331525,"Medium","28758e69-8883-4891-8b36-bcaca7703bde","Fortini_2017"
"660","Hawaii","forests",2.111508922,"Medium","701e0c6a-6bdf-4f7d-bc8d-f5c737f05492","Fortini_2017"
"661","Hawaii","forests",2.92621399,"Medium","eeddd441-b75a-48e4-a8e9-6ffdab651c48","Fortini_2017"
"662","Hawaii","forests",460.5430806,"Medium","51a8e553-8d35-4041-9b80-17daf64fda49","Fortini_2017"
"663","Hawaii","forests",441.9488199,"Medium","8a29e608-47b0-4a5f-8de6-ae4de79e647b","Fortini_2017"
"664","Hawaii","forests",0.364441774,"Medium","1a0110ce-1d2f-4a16-9e0e-5279714d0ff2","Fortini_2017"
"665","Hawaii","forests",550.7618454,"Medium","6732f5b3-8dd4-41ec-a5bb-2a14a93b3a65","Fortini_2017"
"666","Hawaii","forests",83.79188899,"Medium","9df7baaa-0a91-411f-a037-5224e703ec9c","Fortini_2017"
